Ligand 1	Ligand 2	Receptor 1	Receptor 2	Receptor 3	Alias	Family	Cytokines	Checkpoints	Chemokine	Other	Subfamily	Classifications	PubMed ID	Comments
AMH		BMPR1A	AMHR2		MIS receptor 1	Cytokine	TGF					Cytokine/TGF	32333774	
AMH		ACVR1	AMHR2		MIS receptor 3	Cytokine	TGF					Cytokine/TGF	32333774	
AREG		EGFR				Growth factor						Growth factor	2466334	
BMP10		ACVRL1	ACVR2A			Cytokine	TGF					Cytokine/TGF	17878607	
BMP10		ACVRL1	ACVR2B			Cytokine	TGF					Cytokine/TGF	17878607	
BMP10		ACVRL1	BMPR2			Cytokine	TGF					Cytokine/TGF	17878607	
BMP15		BMPR1B	BMPR2		GDF9b	Cytokine	TGF					Cytokine/TGF	17878607	
BMP2		BMPR1A	ACVR2A			Cytokine	TGF					Cytokine/TGF	18436533	
BMP2		BMPR1A	ACVR2B			Cytokine	TGF					Cytokine/TGF	18436533	
BMP2		BMPR1A	BMPR2			Cytokine	TGF					Cytokine/TGF	18436533	
BMP2		BMPR1B	ACVR2A			Cytokine	TGF					Cytokine/TGF	18436533	
BMP2		BMPR1B	ACVR2B			Cytokine	TGF					Cytokine/TGF	18436533	
BMP2		BMPR1B	BMPR2			Cytokine	TGF					Cytokine/TGF	18436533	
BMP4		BMPR1A	ACVR2A			Cytokine	TGF					Cytokine/TGF	18436533	
BMP4		BMPR1A	ACVR2B			Cytokine	TGF					Cytokine/TGF	18436533	
BMP4		BMPR1A	BMPR2			Cytokine	TGF					Cytokine/TGF	18436533	
BMP4		BMPR1B	ACVR2A			Cytokine	TGF					Cytokine/TGF	18436533	
BMP4		BMPR1B	ACVR2B			Cytokine	TGF					Cytokine/TGF	18436533	
BMP4		BMPR1B	BMPR2			Cytokine	TGF					Cytokine/TGF	18436533	
BMP5		ACVR1	ACVR2A			Cytokine	TGF					Cytokine/TGF	27481709	
BMP5		ACVR1	ACVR2B			Cytokine	TGF					Cytokine/TGF	27481709	
BMP5		ACVR1	BMPR2			Cytokine	TGF					Cytokine/TGF	27481709	
BMP5		BMPR1A	ACVR2A			Cytokine	TGF					Cytokine/TGF	27481709	
BMP5		BMPR1A	ACVR2B			Cytokine	TGF					Cytokine/TGF	27481709	
BMP5		BMPR1A	BMPR2			Cytokine	TGF					Cytokine/TGF	27481709	
BMP5		BMPR1B	ACVR2A			Cytokine	TGF					Cytokine/TGF	27481709	
BMP5		BMPR1B	ACVR2B			Cytokine	TGF					Cytokine/TGF	27481709	
BMP5		BMPR1B	BMPR2			Cytokine	TGF					Cytokine/TGF	27481709	
BMP6		ACVR1	ACVR2A			Cytokine	TGF					Cytokine/TGF	27481709	
BMP6		ACVR1	ACVR2B			Cytokine	TGF					Cytokine/TGF	27481709	
BMP6		ACVR1	BMPR2			Cytokine	TGF					Cytokine/TGF	27481709	
BMP6		BMPR1A	ACVR2A			Cytokine	TGF					Cytokine/TGF	27481709	
BMP6		BMPR1A	ACVR2B			Cytokine	TGF					Cytokine/TGF	27481709	
BMP6		BMPR1A	BMPR2			Cytokine	TGF					Cytokine/TGF	27481709	
BMP6		BMPR1B	ACVR2A			Cytokine	TGF					Cytokine/TGF	27481709	
BMP6		BMPR1B	ACVR2B			Cytokine	TGF					Cytokine/TGF	27481709	
BMP6		BMPR1B	BMPR2			Cytokine	TGF					Cytokine/TGF	27481709	
BMP7		ACVR1	ACVR2A		OP-1	Cytokine	TGF					Cytokine/TGF	27481709	
BMP7		ACVR1	ACVR2B			Cytokine	TGF					Cytokine/TGF	27481709	
BMP7		ACVR1	BMPR2			Cytokine	TGF					Cytokine/TGF	27481709	
BMP7		BMPR1A	ACVR2A			Cytokine	TGF					Cytokine/TGF	27481709	
BMP7		BMPR1A	ACVR2B			Cytokine	TGF					Cytokine/TGF	27481709	
BMP7		BMPR1A	BMPR2			Cytokine	TGF					Cytokine/TGF	27481709	
BMP7		BMPR1B	ACVR2A			Cytokine	TGF					Cytokine/TGF	27481709	
BMP7		BMPR1B	ACVR2B			Cytokine	TGF					Cytokine/TGF	27481709	
BMP7		BMPR1B	BMPR2			Cytokine	TGF					Cytokine/TGF	27481709	
BMP8A		ACVR1	ACVR2A			Cytokine	TGF					Cytokine/TGF	27481709	
BMP8A		ACVR1	ACVR2B			Cytokine	TGF					Cytokine/TGF	27481709	
BMP8A		ACVR1	BMPR2			Cytokine	TGF					Cytokine/TGF	27481709	
BMP8A		BMPR1A	ACVR2A			Cytokine	TGF					Cytokine/TGF	27481709	
BMP8A		BMPR1A	ACVR2B			Cytokine	TGF					Cytokine/TGF	27481709	
BMP8A		BMPR1A	BMPR2			Cytokine	TGF					Cytokine/TGF	27481709	
BMP8A		BMPR1B	ACVR2A			Cytokine	TGF					Cytokine/TGF	27481709	
BMP8A		BMPR1B	ACVR2B			Cytokine	TGF					Cytokine/TGF	27481709	
BMP8A		BMPR1B	BMPR2			Cytokine	TGF					Cytokine/TGF	27481709	
BMP8B		ACVR1	ACVR2A			Cytokine	TGF					Cytokine/TGF	27481709	
BMP8B		ACVR1	ACVR2B			Cytokine	TGF					Cytokine/TGF	27481709	
BMP8B		ACVR1	BMPR2			Cytokine	TGF					Cytokine/TGF	27481709	
BMP8B		BMPR1A	ACVR2A			Cytokine	TGF					Cytokine/TGF	27481709	
BMP8B		BMPR1A	ACVR2B			Cytokine	TGF					Cytokine/TGF	27481709	
BMP8B		BMPR1A	BMPR2			Cytokine	TGF					Cytokine/TGF	27481709	
BMP8B		BMPR1B	ACVR2A			Cytokine	TGF					Cytokine/TGF	27481709	
BMP8B		BMPR1B	ACVR2B			Cytokine	TGF					Cytokine/TGF	27481709	
BMP8B		BMPR1B	BMPR2			Cytokine	TGF					Cytokine/TGF	27481709	
BTLA		VTCN1			VTCN1=B7H4=B7x	Checkpoint		B7				Checkpoint	12796776	
BTLA		TNFRSF14			TNFRSF14  = HVEM	Checkpoint		B7				Checkpoint	"15568026;  12796776"	
C3		C3AR1								Complement		Complement	8702752	
C3		CR2								Complement		Complement	6230668	
CALCA		CALCR								Hormone		Hormone	"6148938 ; 1331173"	
CALCA		CALCRL	RAMP1							Hormone		Hormone	9620797	
CALCA		CALCRL	RAMP2							Hormone		Hormone	9620797	
CALCA		CALCRL	RAMP3							Hormone		Hormone	9620797	
CCL1		CCR8				Chemokine			CC			Chemokine	9207005	
CCL11		CXCR3				Chemokine			CC			Chemokine	22633458	Natural antagonist
CCL11		CCR2				Chemokine			CC			Chemokine	22633458	Natural antagonist
CCL11		CCR3				Chemokine			CC			Chemokine	22633458	
CCL11		CCR5				Chemokine			CC			Chemokine	22633458	
CCL11		ACKR1				Chemokine			CC			Chemokine	22633458	
CCL11		ACKR2				Chemokine			CC			Chemokine	22633458	
CCL13		ACKR1				Chemokine			CC			Chemokine	22633458	
CCL13		ACKR2				Chemokine			CC			Chemokine	22633458	
CCL13		CCR2				Chemokine			CC			Chemokine	22633458	
CCL13		CCR3				Chemokine			CC			Chemokine	22633458	
CCL14		CCR1				Chemokine			CC			Chemokine	22633458	
CCL14		CCR5				Chemokine			CC			Chemokine	22633458	No paper found for CCL14 with CCR3 interaction
CCL14		ACKR1				Chemokine			CC			Chemokine	22633458	
CCL14		ACKR2				Chemokine			CC			Chemokine	22633458	
CCL15		CCR1				Chemokine			CC			Chemokine	9346309	
CCL15		CCR3				Chemokine			CC			Chemokine	9346309	
CCL16		CCR1				Chemokine			CC			Chemokine	22633458	
CCL16		HRH4				Chemokine			CC			Chemokine	15265943	
CCL16		CCR2				Chemokine			CC			Chemokine	22633458	
CCL16		CCR5				Chemokine			CC			Chemokine	22633458	
CCL16		CCR8				Chemokine			CC			Chemokine	22633458	
CCL17		CCR4			CCL17=TARC	Chemokine			CC			Chemokine	"22633458; 10540332"	TARC do not bind to CCR8
CCL17		ACKR1				Chemokine			CC			Chemokine	22633458	
CCL17		ACKR2				Chemokine			CC			Chemokine	22633458	
CCL18		CCR8				Chemokine			CC			Chemokine	23999500	
CCL18		CCR3				Chemokine			CC			Chemokine	"22633458; 23999500"	antagonism
CCL18		PITPNM3			PITPNM3=ACKR6	Chemokine			CC			Chemokine	22633458	
CCL19		CCR7				Chemokine			CC			Chemokine	22633458	
CCL19		CCRL2				Chemokine			CC			Chemokine	22633458	Atypical chemokine receptor
CCL19		ACKR4				Chemokine			CC			Chemokine	22633458	Atypical chemokine receptor
CCL2		CCR2				Chemokine			CC			Chemokine	22633458	
CCL2		ACKR1				Chemokine			CC			Chemokine	22633458	
CCL2		ACKR2				Chemokine			CC			Chemokine	22633458	
CCL20		CCR6				Chemokine			CC			Chemokine	22633458	
CCL21		CCR7				Chemokine			CC			Chemokine	22633458	
CCL21		ACKR4				Chemokine			CC			Chemokine	22633458	Atypical chemokine receptor
CCL22		CCR4				Chemokine			CC			Chemokine	22633458	
CCL22		ACKR2				Chemokine			CC			Chemokine	22633458	
CCL23		ACKR2				Chemokine			CC			Chemokine	22633458	
CCL23		CCR1				Chemokine			CC			Chemokine	22633458	
CCL23		FPR2				Chemokine			CC			Chemokine	22633458	
CCL24		ACKR2				Chemokine			CC			Chemokine	22633458	
CCL24		CCR3				Chemokine			CC			Chemokine	22633458	
CCL25		CCR9				Chemokine			CC			Chemokine	22633458	
CCL25		ACKR4				Chemokine			CC			Chemokine	22633458	Atypical chemokine receptor
CCL26		CCR1				Chemokine			CC			Chemokine	22633458, 15039444	antagonism
CCL26		CCR2				Chemokine			CC			Chemokine	22633458	antagonism
CCL26		CCR3				Chemokine			CC			Chemokine	22633458	
CCL26		CCR5				Chemokine			CC			Chemokine	22633458, 15039444	antagonism
CCL26		CX3CR1				Chemokine			CC			Chemokine	22633458, 20974991	
CCL27		CCR10				Chemokine			CC			Chemokine	22633458	
CCL28		CCR10				Chemokine			CC			Chemokine	22633458	
CCL28		CCR3				Chemokine			CC			Chemokine	22633458	
CCL3		CCR1				Chemokine			CC			Chemokine	22633458	
CCL3		CCR5				Chemokine			CC			Chemokine	22633458	
CCL3		ACKR2				Chemokine			CC			Chemokine	22633458	
CCL3L1		ACKR2				Chemokine			CC			Chemokine	22633458	
CCL3L1		CCR5				Chemokine			CC			Chemokine	22633458	
CCL3L1		CCR1				Chemokine			CC			Chemokine	22633458	
CCL3L1		CCR3				Chemokine			CC			Chemokine	22633458	
CCL4		CCR5				Chemokine			CC			Chemokine	22633458	
CCL4		ACKR2				Chemokine			CC			Chemokine	22633458	
CCL4L1		ACKR2				Chemokine			CC			Chemokine	22633458	
CCL5		CCR1			CCL5=RANTES	Chemokine			CC			Chemokine	22633458	
CCL5		CCR3			CCL5=RANTES	Chemokine			CC			Chemokine	22633458	
CCL5		CCR5			CCL5=RANTES	Chemokine			CC			Chemokine	22633458	
CCL5		ACKR1				Chemokine			CC			Chemokine	22633458	
CCL5		ACKR2				Chemokine			CC			Chemokine	22633458	
CCL7		CCR1				Chemokine			CC			Chemokine	22633458	
CCL7		CCR3				Chemokine			CC			Chemokine	22633458	
CCL7		CCR5				Chemokine			CC			Chemokine	"10477718; 22633458"	Natural antagonist
CCL7		CCR2				Chemokine			CC			Chemokine	22633458	
CCL7		ACKR2				Chemokine			CC			Chemokine	22633458	
CCL8		CCR2				Chemokine			CC			Chemokine	22633458	
CCL8		ACKR2				Chemokine			CC			Chemokine	22633458	
CCL8		CCR5				Chemokine			CC			Chemokine	22633458	
CCL8		CCR1				Chemokine			CC			Chemokine	22633458	
CD209		ICAM3			CD209=DC-SIGN=CLEC4L					Adhesion molecule		Adhesion molecule	10721994	
CD274		PDCD1			CD274 = PDL1	Checkpoint		B7				Checkpoint	23954143	
CD274		CD80				Checkpoint		B7				Checkpoint	26927206	
CD40LG		CD40			TNFSF5= CD40	Checkpoint	TNF	TNF				Cytokine/Checkpoint	11163401	
CD48		CD2			CD48=SLAMF2					SLAM		SLAM	"7691954 ; PMC1384590"	
CD48		CD244			CD244=SLAMF4					SLAM		SLAM	26794910	
CD58		CD2			CD58=LFA3					Integrin		Integrin	"7544396;7525848"	
CD70		CD27			CD70=CD27L	Checkpoint	TNF	TNF				Cytokine/Checkpoint	"8120384 ; 26697006"	
CD72		CD5											"24950378; 8757302"	
CD80		CTLA4			CD80=B7-1	Checkpoint		B7				Checkpoint	10583602	
CD80		CD28			CD80=B7-1	Checkpoint		B7				Checkpoint	7545666	
CD84		CD84			CD84=SLAMF5					SLAM		SLAM	"21219180;201553220"	
CD86		CTLA4			CD86=B7-2	Checkpoint		B7				Checkpoint	"10583602 ; 11976720"	CTLA4 homodimers
CD86		CD28			CD86=B7-2	Checkpoint		B7				Checkpoint	18205792	
CDH1		KLRG1											16904340	
CEACAM1		HAVCR2				Checkpoint		TIM				Checkpoint	"25363763; 27192565"	
CLCF1	CRLF1	CNTFR	IL6ST		IL6ST=gp130	Cytokine	type 1					Cytokine	7852997	
CLEC1B		PDPN			CLEC1B=CLEC2					C-type lectin				
CNTF		LIFR	IL6ST			Cytokine	type 1					Cytokine / Cytokine type 1	9143707	
CNTF		CNTFR	IL6ST			Cytokine	type 1					Cytokine / Cytokine type 1	9143707	
CSF1		CSF1R			M-CSF	Cytokine	RTK					Cytokine /RTK	26095744	
CSF2		CSF2RA	CSF2RB		GM-CSF=CFS2	Cytokine	type 1					Cytokine /Cytokine type 1	18692472	
CSF3		CSF3R				Cytokine	type 1					Cytokine /Cytokine type 1	10537111	
CTF1		LIFR	IL6ST		IL6ST=gp130	Cytokine	type 1					Cytokine / Cytokine type 1	9030543	
CX3CL1		CX3CR1				Chemokine			CX3C			Chemokine	22633458	
CXCL1		CXCR2				Chemokine			CXC			Chemokine	"22633458 ; 8702798;24218476"	Binding to CXCR1 described n review but no publication found
CXCL1		ACKR1				Chemokine			CXC			Chemokine	"22633458; 24625696"	
CXCL10		CXCR3				Chemokine			CXC			Chemokine	12884299	
CXCL10		CCR3				Chemokine			CXC			Chemokine	22633458	Natural antagonist
CXCL11		CXCR3				Chemokine			CXC			Chemokine	12884299	
CXCL11		ACKR3			CXCR7=ACKR3	Chemokine			CXC			Chemokine	"22633458; 20161793 ; 24218476"	
CXCL11		CCR5				Chemokine			CXC			Chemokine	"22633458; 15178708"	Natural antagonist
CXCL11		CCR3				Chemokine			CXC			Chemokine	"22633458; 15178708"	Natural antagonist
CXCL12		CXCR4				Chemokine			CXC			Chemokine	22633458	
CXCL12		ACKR3				Chemokine			CXC			Chemokine	"22633458; 20161793 ; 24218476"	
CXCL13		CXCR5				Chemokine			CXC			Chemokine	22633458	
CXCL13		CXCR3				Chemokine			CXC			Chemokine	"22633458; 11554781"	
CXCL13		ACKR4				Chemokine			CXC				"22633458; 706668"	Atypical chemokine receptor
CXCL16		CXCR6				Chemokine			CXC			Chemokine	22633458	Receptor for CXCL14 and CXCL17 are unknown
CXCL2		CXCR2				Chemokine			CXC			Chemokine	"8702798;22633458"	
CXCL2		ACKR1				Chemokine			CXC			Chemokine	"22633458; 30446388"	
CXCL3		CXCR2				Chemokine			CXC			Chemokine	"8702798;22633458"	
CXCL5		CXCR2				Chemokine			CXC			Chemokine	22633458	
CXCL6		CXCR1				Chemokine			CXC			Chemokine	22633458	
CXCL6		CXCR2				Chemokine			CXC			Chemokine	22633458	
CXCL8		CXCR1				Chemokine			CXC			Chemokine / interleukin	1840701	
CXCL8		CXCR2				Chemokine			CXC			Chemokine / interleukin	1891716	
CXCL8		ACKR1				Chemokine			CXC			Chemokine / interleukin	22633458	
CXCL9		CXCR3				Chemokine			CXC			Chemokine	12884299	
CXCL9		CCR3				Chemokine			CXC			Chemokine	22633458	Natural antagonist
DLL1		NOTCH1				Notch family						Notch family	21685328	
DLL1		NOTCH2				Notch family						Notch family	21685328	
DLL1		NOTCH3				Notch family						Notch family	21685328	
DLL3		NOTCH1				Notch family						Notch family	16921404	
DLL3		NOTCH2				Notch family						Notch family	16921404	
DLL3		NOTCH3				Notch family						Notch family	16921404	
DLL3		NOTCH4				Notch family						Notch family	16921404	
DLL4		NOTCH1				Notch family						Notch family	"15137944;19494260"	
DLL4		NOTCH2				Notch family						Notch family	"15137944;19494260"	
DLL4		NOTCH3				Notch family						Notch family	"15137944;19494260"	
EDA		EDAR				Cytokine	TNF					TNF Family/Cytokine	10484778	
EDA		EDA2R				Cytokine	TNF					TNF Family/Cytokine	10484778	
EDN1		EDNRA								Vasoconstrictor peptide		Vasoconstrictor peptide	8440682	
EDN1		EDNRB								Vasoconstrictor peptide		Vasoconstrictor peptide	8440682	
EDN2		EDNRA								Vasoconstrictor peptide		Vasoconstrictor peptide	8440682	
EDN3		EDNRB								Vasoconstrictor peptide		Vasoconstrictor peptide	8440682	
EFNA4		EPHA2				Growth factor						Growth factor	9530499	
EFNA4		EPHA3				Growth factor						Growth factor	9530499	
EFNA4		EPHA4				Growth factor						Growth factor	9530499	
EFNA4		EPHA7				Growth factor						Growth factor	9530499	
EFNA5		EPHA3				Growth factor						Growth factor	9530499	
EFNA5		EPHA7				Growth factor						Growth factor	9530499	
EFNA5		EPHA2				Growth factor						Growth factor	9530499	
EFNB1		EPHB1				Growth factor						Growth factor	9530499	
EFNB1		EPHB2				Growth factor						Growth factor	9530499	
EGF		EGFR				Growth factor						Growth factor	8639530	
EPO		EPOR		 		Cytokine	type 1					Cytokine /Cytokine type 1	"9974393; 2163696"	
FASLG		FAS			TNFSF6 = FasL	Cytokine	TNF					TNF Family/Cytokine	11239407	
FASLG		TNFRSF6B				Cytokine	TNF					TNF Family/Cytokine	11239407	
FLT3LG		FLT3				Cytokine	RTK					Cytokine/ RTK 	21389326	
FN1		ITGAV								Adhesion molecule		Adhesion molecule	8314844	
GAL		GALR2								Neuropeptide		Neuropeptide	"9685625;9880084"	
GAS6		MERTK								Gla-containing protein		Gla-containing protein	9160883	
GAST		CCKBR								Hormone		Hormone	8349705	
GDF1		ACVR1B	ACVR2A			Cytokine	TGF					Cytokine/TGF	22710174, 27481709	
GDF1		ACVR1B	ACVR2B			Cytokine	TGF					Cytokine/TGF	22710174, 27481709	
GDF1		ACVR1C	ACVR2A			Cytokine	TGF					Cytokine/TGF	22710174, 27481709	
GDF1		ACVR1C	ACVR2B			Cytokine	TGF					Cytokine/TGF	22710174, 27481709	
GDF10		ACVR1B	ACVR2B			Cytokine	TGF					Cytokine/TGF	31416681, 17878607	
GDF11		TGFBR1	ACVR2A		TGFBR1=ALK5	Cytokine	TGF					Cytokine/TGF	16845371, 12414726	
GDF11		TGFBR1	ACVR2B			Cytokine	TGF					Cytokine/TGF	16845371, 12414726	
GDF11		ACVR1B	ACVR2A			Cytokine	TGF					Cytokine/TGF	22710174, 27481709	
GDF11		ACVR1B	ACVR2B			Cytokine	TGF					Cytokine/TGF	22710174, 27481709	
GDF2		ACVRL1	ACVR2A		BMP9	Cytokine	TGF					Cytokine/TGF	22710174, 27481709	
GDF2		ACVRL1	ACVR2B		BMP9	Cytokine	TGF					Cytokine/TGF	22710174, 27481709	
GDF2		ACVRL1	BMPR2		BMP9	Cytokine	TGF					Cytokine/TGF	22710174, 27481709	
GDF3		ACVR1B	ACVR2A			Cytokine	TGF					Cytokine/TGF	22710174, 27481709	
GDF3		ACVR1B	ACVR2B			Cytokine	TGF					Cytokine/TGF	22710174, 27481709	
GDF3		ACVR1C	ACVR2A			Cytokine	TGF					Cytokine/TGF	22710174, 27481709	
GDF3		ACVR1C	ACVR2B			Cytokine	TGF					Cytokine/TGF	22710174, 27481709	
GDF5		BMPR1B	ACVR2A		BMP14 / CDMP-1	Cytokine	TGF					Cytokine/TGF	27481709	
GDF5		BMPR1B	ACVR2B			Cytokine	TGF					Cytokine/TGF	27481709	
GDF5		BMPR1B	BMPR2			Cytokine	TGF					Cytokine/TGF	27481709	
GDF5		BMPR1A	ACVR2A		BMP14 / CDMP-1	Cytokine	TGF					Cytokine/TGF	27481709	
GDF5		BMPR1A	ACVR2B			Cytokine	TGF					Cytokine/TGF	27481709	
GDF5		BMPR1A	BMPR2			Cytokine	TGF					Cytokine/TGF	27481709	
GDF6		BMPR1B	ACVR2A			Cytokine	TGF					Cytokine/TGF	27481709	
GDF6		BMPR1B	ACVR2B			Cytokine	TGF					Cytokine/TGF	27481709	
GDF6		BMPR1B	BMPR2			Cytokine	TGF					Cytokine/TGF	27481709	
GDF6		BMPR1A	ACVR2A			Cytokine	TGF					Cytokine/TGF	27481709	
GDF6		BMPR1A	ACVR2B			Cytokine	TGF					Cytokine/TGF	27481709	
GDF6		BMPR1A	BMPR2			Cytokine	TGF					Cytokine/TGF	27481709	
GDF7		BMPR1B	ACVR2A			Cytokine	TGF					Cytokine/TGF	27481709	
GDF7		BMPR1B	ACVR2B			Cytokine	TGF					Cytokine/TGF	27481709	
GDF7		BMPR1B	BMPR2			Cytokine	TGF					Cytokine/TGF	27481709	
GDF7		BMPR1A	ACVR2A			Cytokine	TGF					Cytokine/TGF	27481709	
GDF7		BMPR1A	ACVR2B			Cytokine	TGF					Cytokine/TGF	27481709	
GDF7		BMPR1A	BMPR2			Cytokine	TGF					Cytokine/TGF	27481709	
GDF9		TGFBR1	BMPR2			Cytokine	TGF					Cytokine/TGF	12135884, 1468485	
GDNF		GFRA1	RET			Growth factor						Growth factor	25242331	
GDNF		GFRA2	RET			Growth factor						Growth factor	9182803	
GH1		GHR				Cytokine	type 1					Cytokine/Cytokine type 1	2387255	Growth hormone / Rq: GH2 is a growth hormone present in placenta. Not put here but it exists
GH2		GHR				Cytokine	type 1					Cytokine/Cytokine type 1	2387255	
GUCA2A		GUCY2C								C-type lectin receptor			23269669	
HBEGF		EGFR				Growth factor						Growth factor	"12097488; 12621152"	
HBEGF		ERBB4				Growth factor						Growth factor	12621152	
HGF		MET				Growth factor						Growth factor	15218027	
HHLA2		TMIGD2			"HHLA2=B7H7 ; TMIGD2=CD28H"	Checkpoint		B7				Checkpoint	28679835	
HLA-A		LILRB1				Antigen binding						Antigen binding	"9285411; 9382880"	
HLA-A		KIR3DL2				Checkpoint		KIR		KIR		Checkpoint	"11955593;15580655"	
HLA-B		LILRB1				Antigen binding						Antigen binding	"9285411; 9382880"	
HLA-B		KIR3DL1				Checkpoint		KIR		KIR		Checkpoint	"11955593;15580655"	
HLA-C		LILRB1				Antigen binding						Antigen binding	"9285411; 9382880"	
HLA-C		KIR2DL1				Checkpoint		KIR		KIR		Checkpoint	"11955593;15580655"	
HLA-C		KIR2DL2				Checkpoint		KIR		KIR		Checkpoint	"11955593;15580655"	
HLA-C		KIR2DL3				Checkpoint		KIR		KIR		Checkpoint	"11955593;15580655"	
HLA-DPA1		LAG3				Checkpoint		Lag3				Checkpoint	"26927206; 22437870"	
HLA-DPA2		LAG3				Checkpoint		Lag3				Checkpoint	"26927206; 22437870"	
HLA-DPA3		LAG3				Checkpoint		Lag3				Checkpoint	"26927206; 22437870"	
HLA-DPB1		LAG3				Checkpoint		Lag3				Checkpoint	"26927206; 22437870"	
HLA-DPB2		LAG3				Checkpoint		Lag3				Checkpoint	"26927206; 22437870"	
HLA-DQA1		LAG3				Checkpoint		Lag3				Checkpoint	"26927206; 22437870"	
HLA-DQA2		LAG3				Checkpoint		Lag3				Checkpoint	"26927206; 22437870"	
HLA-DQB1		LAG3				Checkpoint		Lag3				Checkpoint	"26927206; 22437870"	
HLA-DQB2		LAG3				Checkpoint		Lag3				Checkpoint	"26927206; 22437870"	
HLA-DQB3		LAG3				Checkpoint		Lag3				Checkpoint	"26927206; 22437870"	
HLA-DRA		LAG3				Checkpoint		Lag3				Checkpoint	"26927206; 22437870"	
HLA-DRB1		LAG3				Checkpoint		Lag3				Checkpoint	"26927206; 22437870"	
HLA-DRB2		LAG3				Checkpoint		Lag3				Checkpoint	"26927206; 22437870"	
HLA-DRB3		LAG3				Checkpoint		Lag3				Checkpoint	"26927206; 22437870"	
HLA-DRB4		LAG3				Checkpoint		Lag3				Checkpoint	"26927206; 22437870"	
HLA-DRB5		LAG3				Checkpoint		Lag3				Checkpoint	"26927206; 22437870"	
HLA-DRB6		LAG3				Checkpoint		Lag3				Checkpoint	"26927206; 22437870"	
HLA-DRB7		LAG3				Checkpoint		Lag3				Checkpoint	"26927206; 22437870"	
HLA-DRB8		LAG3				Checkpoint		Lag3				Checkpoint	"26927206; 22437870"	
HLA-DRB9		LAG3				Checkpoint		Lag3				Checkpoint	"26927206; 22437870"	
HLA-E		KLRD1	KLRC1		"KLRC1=NKG2A ; KLRD1 = CD94"					C-type lectin receptor			"20567250 ; 11513152"	NKG2A binds CD94 as heterodimer
HLA-F		LILRB1				Antigen binding						Antigen binding	"9285411; 9382880"	
HLA-G		LILRB1			LILRB1=ILT2	Checkpoint						Checkpoint	"17056715;19841038"	
HLA-G		LILRB2			LILRB2=ILT4	Checkpoint						Checkpoint	17056715	
HLA-G		KIR2DL4				Checkpoint		KIR		KIR		Checkpoint	"17056715; 11955593;15580655"	
HMGB1		HAVCR2				Checkpoint		TIM				Checkpoint	"22842346; 27192565"	
ICOSLG		ICOS			ICOSL=B7-H2	Checkpoint		B7				Checkpoint	"14599850 ; 23954143"	
ICOSLG		CD28				Checkpoint		B7				Checkpoint	21530327	
ICOSLG		CTLA4				Checkpoint		B7				Checkpoint	21530327	
IFNA1		IFNAR1	IFNAR2			Cytokine	type 2					Cytokine/Cytokine type 2	15032600	
IFNA10		IFNAR1	IFNAR2			Cytokine	type 2					Cytokine/Cytokine type 2	15032600	
IFNA14		IFNAR1	IFNAR2			Cytokine	type 2					Cytokine/Cytokine type 2	15032600	
IFNA16		IFNAR1	IFNAR2			Cytokine	type 2					Cytokine/Cytokine type 2	15032600	
IFNA17		IFNAR1	IFNAR2			Cytokine	type 2					Cytokine/Cytokine type 2	15032600	
IFNA2		IFNAR1	IFNAR2			Cytokine	type 2					Cytokine/Cytokine type 2	15032600	
IFNA21		IFNAR1	IFNAR2			Cytokine	type 2					Cytokine/Cytokine type 2	15032600	
IFNA4		IFNAR1	IFNAR2			Cytokine	type 2					Cytokine/Cytokine type 2	15032600	
IFNA5		IFNAR1	IFNAR2			Cytokine	type 2					Cytokine/Cytokine type 2	15032600	
IFNA6		IFNAR1	IFNAR2			Cytokine	type 2					Cytokine/Cytokine type 2	15032600	
IFNA7		IFNAR1	IFNAR2			Cytokine	type 2					Cytokine/Cytokine type 2	15032600	
IFNA8		IFNAR1	IFNAR2			Cytokine	type 2					Cytokine/Cytokine type 2	15032600	
IFNB1		IFNAR1	IFNAR2			Cytokine	type 2					Cytokine/Cytokine type 2	15032600	
IFNE		IFNAR1	IFNAR2			Cytokine	type 2					Cytokine/Cytokine type 2	23449591	
IFNG		IFNGR1	IFNGR2			Cytokine	type 2					Cytokine/Cytokine type 2	15032600	
IFNK		IFNAR1	IFNAR2			Cytokine	type 2					Cytokine/Cytokine type 2	11514542	
IFNL1		IL10RB	IFNLR1		IFNL1=IL29	Cytokine	type 2					interleukin /Cytokine/Cytokine type 2	12469119	
IFNL2		IL10RB	IFNLR1		IFNL2=IL28A	Cytokine	type 2					interleukin /Cytokine/Cytokine type 2	12469119	
IFNL3		IL10RB	IFNLR1		IFNL3=IL28B	Cytokine	type 2					interleukin /Cytokine/Cytokine type 2	12469119	
IFNW1		IFNAR1	IFNAR2			Cytokine	type 2					Cytokine/Cytokine type 2	15032600	
IGHG1	IGLC1	FCGR3B				Antigen binding						Antigen binding	10917521	
IGHG1	IGLC1	FCGR2B				Antigen binding						Antigen binding		
IHH		PTCH1											29274272	
IHH		PTCH2											29274272	
IL10		IL10RA	IL10RB			Cytokine	type 2					interleukin /Cytokine/Cytokine type 2	"10347215; 15032600"	
IL11		IL11RA	IL6ST			Cytokine	type 1					Cytokine / Cytokine type 1	9143707	
IL12A	IL12B	IL12RB1	IL12RB2			Cytokine	type 1					interleukin/Cytokine/Cytokine type 1	9143707	
IL12A	EBI3	IL12RB2	IL6ST		IL35 = IL12A + EBI3	Cytokine	type 1					interleukin / Cytokine/Cytokine type 1	"22306691;  25919641"	
IL13		IL13RA1	IL4R			Cytokine	type 1					interleukin/Cytokine/Cytokine type 1	9013879	
IL13		IL13RA2				Cytokine	type 1					interleukin/Cytokine/Cytokine type 1	8663118	
IL15		IL15RA	IL2RB	IL2RG		Cytokine	type 1					interleukin/Cytokine/Cytokine type 1	"8026467; 15546386"	
IL16		CD9				Cytokine						Cytokine/Interleukin	"29884309 ; 16144798"	
IL16		CD4				Cytokine						Cytokine/Interleukin	"10438516 ; 7615501"	lymphocytes chemoattractant factor
IL17A		IL17RA	IL17RC			Cytokine	IL17					interleukin/Cytokine / IL17	24011563	
IL17B		IL17RB				Cytokine	IL17					interleukin/Cytokine / IL17	24011563	
IL17C		IL17RA	IL17RE			Cytokine	IL17					interleukin/Cytokine / IL17	24011563	The receptor for IL17D is unknown (Gu et al. 2013).
IL17F		IL17RA	IL17RC			Cytokine	IL17					interleukin/Cytokine / IL17	24011563	
IL18		IL18R1	IL18RAP			Cytokine	IL1.					interleukin /Cytokine/  IL1.	"20959797; 24332029"	
IL19		IL20RA	IL20RB			Cytokine	type 2					interleukin /Cytokine/Cytokine type 2	15032600	
IL1A		IL1R1	IL1RAP			Cytokine	IL1.					interleukin /Cytokine/ IL1.	"20959797; 24332029"	
IL1A		IL1R2	IL1RAP			Cytokine	IL1.					interleukin /Cytokine/  IL1.	"20959797; 24332029"	
IL1B		IL1R1	IL1RAP			Cytokine	IL1.					interleukin /Cytokine/  IL1.	"20959797; 24332029"	
IL1B		IL1R2	IL1RAP			Cytokine	IL1.					interleukin /Cytokine/  IL1.	"20959797; 24332029"	
IL1F10		IL1RAPL1			IL1F10 = IL38, IL1RAPL1=TIGIRR-2	Cytokine	IL1.					IL1./ interleukin/Cytokine	22315422 ,  31387327	IL1F10 = IL38, IL38 inhibitis IL36 signalling, as IL36RN does
IL1F10		IL1RL2				Cytokine	IL1.					IL1./ interleukin/Cytokine	22315422 ,  31387327	
IL1F10		IL1RAPL2			TIGIRR1	Cytokine	IL1.					IL1./ interleukin/Cytokine	22315422 ,  31387327	
IL1F10		SIGIRR			TIR8	Cytokine	IL1.					IL1./ interleukin/Cytokine	22315422 ,  31387327	
IL1RN		IL1R2				Cytokine	IL1.					interleukin /Cytokine/  IL1.	"20959797; 24332029"	IL1RN binding do not elicit a signaling response.
IL1RN		IL1R1				Cytokine	IL1.					interleukin /Cytokine/  IL1.	"20959797; 24332029"	
IL2		IL2RA	IL2RB	IL2RG		Cytokine	type 1					interleukin /Cytokine / Cytokine type 1	15546386	
IL20		IL20RA	IL20RB			Cytokine	type 2					interleukin /Cytokine/Cytokine type 2	15032600	
IL20		IL22RA1	IL20RB			Cytokine	type 2					interleukin /Cytokine/Cytokine type 2	15032600	
IL21		IL21R	IL2RG			Cytokine	type 1					interleukin/Cytokine/Cytokine type 1	11016959	
IL22		IL22RA1	IL20RB			Cytokine	type 2					interleukin /Cytokine/Cytokine type 2	11035029	
IL22		IL22RA2				Cytokine	type 2					interleukin /Cytokine/Cytokine type 2	15032600	
IL23A	IL12B	IL23R	IL12RB1			Cytokine	type 1					interleukin/Cytokine/Cytokine type 1	12023369	
IL24		IL20RA	IL20RB			Cytokine	type 2					interleukin /Cytokine/Cytokine type 2	15032600	
IL24		IL22RA1	IL20RB			Cytokine	type 2					interleukin /Cytokine/Cytokine type 2	15032600	
IL25		IL17RB			IL17E = IL25	Cytokine	IL17					interleukin/Cytokine / IL17	24011563	
IL26		IL20RA	IL10RB			Cytokine	type 2					Cytokine/Cytokine type 2 / interleukin	14764663	
IL27	EBI3	IL27RA	IL6ST		"IL30=IL27p28 ; IL27=IL27+EBI3"	Cytokine	type 1					interleukin / Cytokine/Cytokine type 1	"14764690 ; 9143707"	
IL27	IL12A	IL27RA	IL12RB2		IL12A=p35	Cytokine	type 1					Cytokine/Cytokine type 1	24743305	
IL3		IL3RA	CSF2RB			Cytokine	type 1					interleukin/Cytokine / Cytokine type 1	1833064	
IL31		IL31RA	OSMR			Cytokine	type 1					Cytokine / Cytokine type 1	18926762	
IL33		IL1RL1	IL1RAP			Cytokine	IL1.					IL1./ interleukin/Cytokine	"20959797; 24332029"	
IL34		CSF1R				Cytokine	RTK						26095744	
IL34	CSF1	CSF1R				Cytokine	RTK						26095744	
IL36A		IL1RL2	IL1RAP			Cytokine	IL1.					IL1./ interleukin/Cytokine	"20959797; 24332029, 25673295"	
IL36B		IL1RL2	IL1RAP			Cytokine	IL1.					IL1./ interleukin/Cytokine	"20959797; 24332029, 25673295"	
IL36G		IL1RL2	IL1RAP			Cytokine	IL1.					IL1./ interleukin/Cytokine	"20959797; 24332029, 25673295"	
IL36RN		IL1RL2			IL1RL2=IL36R	Cytokine	IL1.					IL1./ interleukin/Cytokine	"20959797; 24332029"	
IL37		IL18R1	SIGIRR			Cytokine	IL1.					IL1./ interleukin/Cytokine	"20959797; 24332029, 25729923"	
IL4		IL4R	IL2RG			Cytokine	type 1					interleukin /Cytokine / Cytokine type 1	"7795521 ;15546386"	
IL5		IL5RA	CSF2RB			Cytokine	type 1					interleukin/Cytokine/Cytokine type 1	1833065	
IL6		IL6R	IL6ST			Cytokine	type 1					Cytokine/ Checkpoint / interleukin / Cytokine type 1	9143707	
IL7		IL7R	IL2RG			Cytokine	type 1					interleukin/Cytokine/Cytokine type 1	15546386	
IL9		IL9R	IL2RG			Cytokine	type 1					interleukin / Cytokine/Cytokine type 1	15546386	
INHBA		ACVR1B	ACVR2A			Cytokine	TGF					Cytokine/TGF	"8622651; 8721982"	
INHBA		ACVR1B	ACVR2B			Cytokine	TGF					Cytokine/TGF	"8622651; 8721982"	
INHBA	INHBB	ACVR1B	ACVR2A			Cytokine	TGF					Cytokine/TGF	"8622651; 8721982"	
INHBA	INHBB	ACVR1B	ACVR2B			Cytokine	TGF					Cytokine/TGF	"8622651; 8721982"	
INHBA	INHBB	ACVR1C	ACVR2A			Cytokine	TGF					Cytokine/TGF	"8622651; 8721982"	
INHBA	INHBB	ACVR1C	ACVR2B			Cytokine	TGF					Cytokine/TGF	"8622651; 8721982"	
INHBB		ACVR1B	ACVR2A			Cytokine	TGF					Cytokine/TGF	"8622651; 8721982"	
INHBB		ACVR1B	ACVR2B			Cytokine	TGF					Cytokine/TGF	"8622651; 8721982"	
INHBB		ACVR1C	ACVR2A			Cytokine	TGF					Cytokine/TGF	"8622651; 8721982"	
INHBB		ACVR1C	ACVR2B			Cytokine	TGF					Cytokine/TGF	"8622651; 8721982"	
ITGAL	ITGB2	ICAM1			"ITGAL=LFA-1=CD11a ; ITGB2=CD18 ; ICAM=CD54"	ECM				Integrin		Integrin	"23418628;10940895"	
ITGAL	ITGB2	ICAM2				ECM				Integrin		Integrin	10427988	
ITGAL	ITGB2	ICAM3				ECM				Integrin		Integrin	10427988	
JAG1		NOTCH1			JAG1=CD339	Notch family						Notch family	"15137944;18292500;16921404"	
JAG1		NOTCH2				Notch family						Notch family	16921404	
JAG1		NOTCH3				Notch family						Notch family	16921404	
JAG2		NOTCH1			JAG2=SER2	Notch family						Notch family	"22503540;21352254;16921404"	
JAG2		NOTCH2				Notch family						Notch family	16921404	
JAG2		NOTCH3				Notch family						Notch family	16921404	
KITLG		KIT				Cytokine	RTK					Cytokine /  RTK	17662946	
LCN1		LMBR1L											11287427	
LEP		LEPR				Cytokine	type 1					Cytokine / Cytokine type 1	9463481	
LGALS1		CD69			CD69=CLEC2C					Galectin		Galectin	21427408	
LGALS1		LGALS1								Galectin		Galectin	"20696842;21427408"	
LGALS9		HAVCR2			HAVCR2= Tim-3=TIM3	Checkpoint		TIM				Checkpoint	"16286920 ; 27192565"	
LIF		LIFR	IL6ST			Cytokine	type 1					Cytokine / Cytokine type 1	9143707	
LTA		TNFRSF1A				Cytokine	TNF					TNF Family/Cytokine	7995952	
LTA		TNFRSF1B				Cytokine	TNF					TNF Family/Cytokine	7995952	
LTA		TNFRSF14			TNFRSF14  = HVEM	Cytokine	TNF					TNF Family/Cytokine	7995952	
LTB	LTA	LTBR			TNFSF3=LTB / TNFRSF3 = LTBR	Cytokine	TNF					TNF Family/Cytokine	11239407	
LY9		LY9			LY9=SLAMF3					SLAM		SLAM	16365421	
MICA		KLRK1			KLRK1=NKG2D					C-type lectin receptor			11955595	
MICB		KLRK1			KLRK1=NKG2D					C-type lectin receptor			11955595	
MIF		CD74				Cytokine						Cytokine 	12782713	
MIF		CXCR2				Cytokine						Cytokine 	17435771	
MIF		CXCR4				Cytokine						Cytokine 	17435771	
MSTN		TGFBR1	ACVR2B		MSTN = myostatin = GDF8	Cytokine	TGF					Cytokine/TGF	29409020	
MSTN		ACVR1B	ACVR2B			Cytokine	TGF					Cytokine/TGF	29409020	
NCR3LG1		NCR3			"NCR3LG1=B7-H6 ; NCR3=NKp30"	Checkpoint		B7				Checkpoint	23954143	
NECTIN1		CD96				Checkpoint		Nectin				Checkpoint	26927206	
NECTIN2		TIGIT				Checkpoint		Nectin				Checkpoint	27192565	
NECTIN2		CD226			CD226=DNAM-1	Checkpoint		Nectin				Checkpoint	27192565	
NECTIN2		CD96				Checkpoint		Nectin				Checkpoint	27192565	
NECTIN3		TIGIT				Checkpoint		Nectin				Checkpoint	26927206	
NODAL		ACVR1B	ACVR2A			Cytokine	TGF					Cytokine/TGF	17878607	
NODAL		ACVR1B	ACVR2B			Cytokine	TGF					Cytokine/TGF	17878607	
NODAL		ACVR1C	ACVR2A			Cytokine	TGF					Cytokine/TGF	17878607	
NODAL		ACVR1C	ACVR2B			Cytokine	TGF					Cytokine/TGF	17878607	
NRTN		GFRA1	RET			Growth factor						Growth factor	9192684	
NRTN		GFRA2	RET			Growth factor						Growth factor	9192684	
OSM		OSMR	IL6ST			Cytokine	type 1					Cytokine / Cytokine type 1	9143707	
OSTN		3,00 NPR				Growth factor						Growth factor	"19244276;17951249"	
PDCD1LG2		PDCD1				Checkpoint		B7				Checkpoint	23954143	
PDGFA		PDGFRA				Cytokine	RTK					RTK/Cytokine	"15207811;9739761"	
PDGFB		PDGFRA				Cytokine	RTK					RTK/Cytokine	"15207811;9739761"	
PDGFB		PDGFRB				Cytokine	RTK					RTK/Cytokine	"15207811;9739761"	
PDGFC		PDGFRA				Cytokine	RTK					RTK/Cytokine	"15207811;9739761"	
PF4		CXCR3			CXCL4=PF4	Chemokine			CXC			Chemokine	"12782716; 21655676"	CXCR3B splicing variant
PF4V1		CXCR3				Chemokine			CXC			Chemokine	22633458	
PLAU		PLAUR											11501527	
PPBP		CXCR2			PPBP=CXCL7	Chemokine			CXC			Chemokine	"22633458; 24335961"	
PPBP		CXCR1			PPBP=CXCL7	Chemokine			CXC			Chemokine	"22633458; 24335961"	
PPBP		ACKR1				Chemokine			CXC			Chemokine	22633458	
PRL		PRLR				Cytokine 	type 1					Cytokine/Cytokine type 1	18467331	
PVR		TIGIT			PVR=CD155	Checkpoint		Nectin				Checkpoint	27192565	
PVR		CD96			PVR=CD155	Checkpoint		Nectin				Checkpoint	9626554	
PVR		CD226			"PVR=CD155 ; CD226=DNAM-1"	Checkpoint		Nectin				Checkpoint	15034010	
PVR		PVRIG			PVRIG=CD112	Checkpoint		Nectin				Checkpoint		
RSPO4		LGR4	LRP5										24639526	
RSPO4		LGR4	LRP6										24639526	
RSPO4		LGR5	LRP5										21727895	
RSPO4		LGR5	LRP6										21727895	
SEMA3A		NRP1	PLXNA1							Semaphorin		Semaphorin	22723296	
SEMA3A		NRP1	PLXNA2							Semaphorin		Semaphorin	23104057	
SEMA3A		NRP1	PLXNA3							Semaphorin		Semaphorin	20026901	
SEMA3A		NRP1	PLXNA4							Semaphorin		Semaphorin	20026901	
SEMA3A		NRP1								Semaphorin		Semaphorin	29067024	
SEMA3F		NRP2								Semaphorin		Semaphorin	"29067024 ; 25068647"	Semaphorin receptors may need a co-receptor. May use 3 alternative ones. Combinations could be different depending on cell types plus, receptors could be added in TRANS, from another cell…logical rules are hard to determine
SEMA3C		NRP2								Semaphorin		Semaphorin	29067024	
SEMA4A		NRP1								Semaphorin		Semaphorin	23913274	
SEMA4A		PLXNB1								Semaphorin		Semaphorin	29981480	
SEMA4A		PLXNB2								Semaphorin		Semaphorin	29981480	
SEMA4A		PLXNB3								Semaphorin		Semaphorin	11245885	
SEMA4A		PLXND1								Semaphorin		Semaphorin	11245885	
SEMA4C		PLXNB2								Semaphorin		Semaphorin	11245885	
SEMA4D		PLXNB2								Semaphorin		Semaphorin	11245885	
SEMA4D		PLXNB1								Semaphorin		Semaphorin	11245885	
SEMA4D		CD72								Semaphorin		Semaphorin	29971044	
SEMA7A		PLXNC1								Semaphorin		Semaphorin	"17671519;10520995"	
SEMA7A		ITGA1	ITGB1							Semaphorin		Semaphorin	17671519	
SHH		PTCH1								? (brain)			27647915	
SLAMF1		SLAMF1			SLAMF1=CD150					SLAM		SLAM	15539155	
SLAMF6		SLAMF6			SLAMF6=NTBA					SLAM		SLAM	15879084	
SLIT1		ROBO2								?			21600986	
SLIT1		ROBO1								? (brain)			21600986	
TGFA		EGFR				Cytokine	TGF					Cytokine/ TGF	27635238	
TGFB1		TGFBR1	TGFBR2			Cytokine	TGF					Checkpoint/Cytokine/TGF	"7693660; 1333888; 8242743"	
TGFB2		TGFBR1	TGFBR2			Cytokine	TGF					Checkpoint/Cytokine/TGF	7693660	
TGFB3		TGFBR1	TGFBR2			Cytokine	TGF					Checkpoint/Cytokine/TGF	7693660	
THPO		MPL				Cytokine	type 1					Cytokine / Cytokine type 1	11784712	
TNF		TNFRSF1A				Cytokine	TNF					TNF Family/Cytokine	11239407	
TNF		TNFRSF1B				Cytokine	TNF					TNF Family/Cytokine	11239407	
TNFSF10		TNFRSF10A			TNFSF10=TRAIL	Cytokine	TNF					TNF Family/Cytokine	11239407	
TNFSF10		TNFRSF10B				Cytokine	TNF					TNF Family/Cytokine	11239407	
TNFSF10		TNFRSF10C				Cytokine	TNF					TNF Family/Cytokine	11239407	
TNFSF10		TNFRSF10D				Cytokine	TNF					TNF Family/Cytokine	11239407	
TNFSF10		TNFRSF11B				Cytokine	TNF					TNF Family/Cytokine	11239407	
TNFSF11		TNFRSF11A				Cytokine	TNF					TNF Family/Cytokine	11239407	
TNFSF11		TNFRSF11B			TNFRSF11B=OPG	Cytokine	TNF					TNF Family/Cytokine	11239407	
TNFSF12		TNFRSF12A			TNFSF12 = TWEAK	Cytokine	TNF					TNF Family/Cytokine	11239407	
TNFSF13		TNFRSF13B			TNFRSF13B = TACI /TNFSF13 =APRIL	Cytokine	TNF					TNF Family/Cytokine	11239407	
TNFSF13		TNFRSF17			TNFRSF17 = BCMA	Cytokine	TNF					TNF Family/Cytokine	11239407	
TNFSF13B		TNFRSF13B			TNFSF13B = BAFF	Cytokine	TNF					TNF Family/Cytokine	11239407	promote B cell proliferation
TNFSF13B		TNFRSF17				Cytokine	TNF					TNF Family/Cytokine	11239407	promote B cell proliferation
TNFSF13B		TNFRSF13C			TNFSF13C= BAFFR	Cytokine	TNF					TNF Family/Cytokine	11239407	promote B cell proliferation
TNFSF14		TNFRSF14			"TNFSF14=LIGHT ; TNFRSF14=HVEM"	Cytokine	TNF					TNF Family/Cytokine	11239407	
TNFSF14		LTBR				Cytokine	TNF					TNF Family/Cytokine	11239407	
TNFSF14		TNFRSF6B			TNFRSF6B=DCR3	Cytokine	TNF					TNF Family/Cytokine	11239407	
TNFSF15		TNFRSF6B			VEGI=TNFSF15	Cytokine	TNF					TNF Family/Cytokine	11239407	
TNFSF15		TNFRSF25				Cytokine	TNF					TNF Family/Cytokine	11239407	
TNFSF18		TNFRSF18			TNFRSF18 = GITR	Checkpoint	TNF	TNF				TNF Family/Cytokine/Checkpoint	11239407	
TNFSF4		TNFRSF4			TNFSF4 = OX40L	Checkpoint	TNF	TNF				TNF Family/Cytokine/Checkpoint	11239407	
TNFSF8		TNFRSF8			CD30L/CD30	Cytokine	TNF					TNF Family/Cytokine	11239407	
TNFSF9		TNFRSF9			"TNFSF9 = 4-1BBL=CD137L ; TNFRSF9=CD137"	Checkpoint	TNF	TNF				TNF Family/Cytokine/Checkpoint	11239407	
TSLP		IL7R	CRLF2			Cytokine	type 1					Cytokine/Cytokine type 1	11418668	
TXLNA		STX3			TXLNA=IL14	Cytokine						Cytokine	12558796	
TXLNA		STX4				Cytokine						Cytokine	12558796	
TXLNA		STX1A				Cytokine						Cytokine	12558796	
MADCAM1		ITGA4	ITGB7			ECM				Integrin		Integrin	20118278	
VCAM1		ITGA9	ITGB1		"ITGB1=CD29 ;"	ECM				Integrin		Integrin	10209034	
VCAM1		ITGA4	ITGB1		"ITGB1=CD29 ; ITGA2=CD49D -> VLA4"	ECM				Integrin		Integrin	15263094	
VCAM1		ITGA4	ITGB7			ECM				Integrin		Integrin	20118278	
VCAN		CD44				ECM						ECM	10950950	
VEGFA		FLT1	KDR			Growth factor						Growth factor	"8806634 ; 11181169 ; 22828632"	
PGF		FLT1	KDR			Growth factor						Growth factor	"22828632 ; 8806634"	
VEGFB		FLT1	KDR			Growth factor						Growth factor	"22828632 ; 8806634"	
VEGFA		FLT1			FLT1=VEGFR1	Growth factor						Growth factor	26285753	
VEGFA		KDR			KDR=FLK1=VEGFR2	Growth factor						Growth factor	"11181169 ; 1417831"	
VEGFA		NRP1				Growth factor						Growth factor	"11181169 ; 21653826"	
VEGFA		NRP2				Growth factor						Growth factor	11181169	
VEGFB		NRP1				Growth factor						Growth factor	11181169	
VEGFB		FLT1				Growth factor						Growth factor	"11181169 ; 26285753"	
VEGFC		NRP2				Growth factor						Growth factor	16621967	
VEGFC		KDR			"KRD=VEGFR2 ; VEGFD=FIGF"	Growth factor						Growth factor	11181169	
VEGFC		FLT4			FLT4=VEGFR3	Growth factor						Growth factor	"16336962 ; 11532940"	
VEGFD		FLT4				Growth factor						Growth factor	"16336962 ; 11532940"	
VEGFD		KDR			"KRD=VEGFR2 ; VEGFD=FIGF"	Growth factor						Growth factor	16835467	
PGF		NRP1				Growth factor						Growth factor	9712843	
PGF		NRP2				Growth factor						Growth factor	12613545	
PGF		FLT1			PGF = PIGF	Growth factor						Growth factor	19029957	
VTN		ITGAV				ECM				Integrin		Integrin	7685013	
WNT5A		FZD5								Wnt family		Wnt family	11029007	
WNT5B		FZD1	LRP5							Wnt family		Wnt family	11029007	
WNT5B		FZD1	LRP6							Wnt family		Wnt family	11029007	
WNT5B		FZD10	LRP5							Wnt family		Wnt family	11029007	
WNT5B		FZD10	LRP6							Wnt family		Wnt family	11029007	
WNT5B		FZD2	LRP5							Wnt family		Wnt family	11029007	
WNT5B		FZD2	LRP6							Wnt family		Wnt family	11029007	
WNT5B		FZD3	LRP5							Wnt family		Wnt family	11029007	
WNT5B		FZD3	LRP6							Wnt family		Wnt family	11029007	
WNT5B		FZD5	LRP5							Wnt family		Wnt family	11029007	
WNT5B		FZD5	LRP6							Wnt family		Wnt family	11029007	
WNT5B		FZD6	LRP5							Wnt family		Wnt family	11029007	
WNT5B		FZD6	LRP6							Wnt family		Wnt family	11029007	
WNT5B		FZD7	LRP5							Wnt family		Wnt family	11029007	
WNT5B		FZD7	LRP6							Wnt family		Wnt family	11029007	
WNT5B		FZD8	LRP5							Wnt family		Wnt family	11029007	
WNT5B		FZD8	LRP6							Wnt family		Wnt family	11029007	
WNT5B		FZD9	LRP5							Wnt family		Wnt family	11029007	
WNT5B		FZD9	LRP6							Wnt family		Wnt family	11029007	
XCL1		XCR1				Chemokine			C			Chemokine	22633458	
XCL2		XCR1				Chemokine			C			Chemokine 	22633458	
CD40LG		ITGA2B	ITGB3			ECM				Integrin		Integrin	"22461623; 11875495"	
CD40LG		ITGA5	ITGB1			ECM				Integrin		Integrin	"28676852; 22461623"	
CD40LG		ITGAM	ITGB2			ECM				Integrin		Integrin	"28676852; 22461623"	
SPP1		CD44			SPP1=Osteopontin	ECM				Integrin		Integrin	8560266	
SPP1		ITGAV	ITGB3			ECM				Integrin		Integrin	7532190	
SPP1		ITGAV	ITGB1			ECM				Integrin		Integrin	10673366	
SPP1		ITGAV	ITGB5			ECM				Integrin		Integrin	10673366	
SPP1		ITGA4	ITGB1			ECM				Integrin		Integrin	9547293	
SPP1		ITGA9	ITGB1			ECM				Integrin		Integrin	8910476	
SPP1		ITGA8	ITGB1			ECM				Integrin		Integrin	9614184	
SPP1		ITGA5	ITGB1			ECM				Integrin		Integrin	10673366	
COL9A3		ITGA1	ITGB1			ECM				Collagen		Collagen/ECM	"15147720; 26857815; 16988024; 21421911"	CellPhoneDB
COL9A2		ITGA1	ITGB1			ECM				Collagen		Collagen/ECM	"15147720; 26857815; 16988024; 21421911"	CellPhoneDB
COL9A1		ITGA1	ITGB1			ECM				Collagen		Collagen/ECM	"15147720; 26857815; 16988024; 21421911"	CellPhoneDB
COL8A2		ITGA1	ITGB1			ECM				Collagen		Collagen/ECM	"15147720; 26857815; 16988024; 21421911"	CellPhoneDB
COL8A1		ITGA1	ITGB1			ECM				Collagen		Collagen/ECM	"15147720; 26857815; 16988024; 21421911"	CellPhoneDB
COL7A1		ITGA1	ITGB1			ECM				Collagen		Collagen/ECM	"15147720; 26857815; 16988024; 21421911"	CellPhoneDB
COL6A6		ITGA1	ITGB1			ECM				Collagen		Collagen/ECM	"15147720; 26857815; 16988024; 21421911"	CellPhoneDB
COL6A5		ITGA1	ITGB1			ECM				Collagen		Collagen/ECM	"15147720; 26857815; 16988024; 21421911"	CellPhoneDB
COL6A3		ITGA1	ITGB1			ECM				Collagen		Collagen/ECM	"15147720; 26857815; 16988024; 21421911"	CellPhoneDB
COL6A2		ITGA1	ITGB1			ECM				Collagen		Collagen/ECM	"15147720; 26857815; 16988024; 21421911"	CellPhoneDB
COL6A1		ITGA1	ITGB1			ECM				Collagen		Collagen/ECM	"15147720; 26857815; 16988024; 21421911"	CellPhoneDB
COL5A3		ITGA1	ITGB1			ECM				Collagen		Collagen/ECM	"15147720; 26857815; 16988024; 21421911"	CellPhoneDB
COL5A2		ITGA1	ITGB1			ECM				Collagen		Collagen/ECM	"15147720; 26857815; 16988024; 21421911"	CellPhoneDB
COL5A1		ITGA1	ITGB1			ECM				Collagen		Collagen/ECM	"15147720; 26857815; 16988024; 21421911"	CellPhoneDB
COL4A6		ITGA1	ITGB1			ECM				Collagen		Collagen/ECM	"15147720; 26857815; 16988024; 21421911"	CellPhoneDB
COL4A5		ITGA1	ITGB1			ECM				Collagen		Collagen/ECM	"15147720; 26857815; 16988024; 21421911"	CellPhoneDB
COL4A4		ITGA1	ITGB1			ECM				Collagen		Collagen/ECM	"15147720; 26857815; 16988024; 21421911"	CellPhoneDB
COL4A3		ITGA1	ITGB1			ECM				Collagen		Collagen/ECM	"15147720; 26857815; 16988024; 21421911"	CellPhoneDB
COL4A2		ITGA1	ITGB1			ECM				Collagen		Collagen/ECM	"15147720; 26857815; 16988024; 21421911"	CellPhoneDB
COL4A1		ITGA1	ITGB1			ECM				Collagen		Collagen/ECM	"15147720; 26857815; 16988024; 21421911"	CellPhoneDB
COL3A1		ITGA1	ITGB1			ECM				Collagen		Collagen/ECM	"15147720; 26857815; 16988024; 21421911"	CellPhoneDB
COL2A1		ITGA1	ITGB1			ECM				Collagen		Collagen/ECM	"15147720; 26857815; 16988024; 21421911"	CellPhoneDB
COL28A1		ITGA1	ITGB1			ECM				Collagen		Collagen/ECM	"15147720; 26857815; 16988024; 21421911"	CellPhoneDB
COL27A1		ITGA1	ITGB1			ECM				Collagen		Collagen/ECM	"15147720; 26857815; 16988024; 21421911"	CellPhoneDB
COL26A1		ITGA1	ITGB1			ECM				Collagen		Collagen/ECM	"15147720; 26857815; 16988024; 21421911"	CellPhoneDB
COL24A1		ITGA1	ITGB1			ECM				Collagen		Collagen/ECM	"15147720; 26857815; 16988024; 21421911"	CellPhoneDB
COL22A1		ITGA1	ITGB1			ECM				Collagen		Collagen/ECM	"15147720; 26857815; 16988024; 21421911"	CellPhoneDB
COL21A1		ITGA1	ITGB1			ECM				Collagen		Collagen/ECM	"15147720; 26857815; 16988024; 21421911"	CellPhoneDB
COL20A1		ITGA1	ITGB1			ECM				Collagen		Collagen/ECM	"15147720; 26857815; 16988024; 21421911"	CellPhoneDB
COL1A2		ITGA1	ITGB1			ECM				Collagen		Collagen/ECM	"15147720; 26857815; 16988024; 21421911"	CellPhoneDB
COL1A1		ITGA1	ITGB1			ECM				Collagen		Collagen/ECM	"15147720; 26857815; 16988024; 21421911"	CellPhoneDB
COL19A1		ITGA1	ITGB1			ECM				Collagen		Collagen/ECM	"15147720; 26857815; 16988024; 21421911"	CellPhoneDB
COL18A1		ITGA1	ITGB1			ECM				Collagen		Collagen/ECM	"15147720; 26857815; 16988024; 21421911"	CellPhoneDB
COL17A1		ITGA1	ITGB1			ECM				Collagen		Collagen/ECM	"15147720; 26857815; 16988024; 21421911"	CellPhoneDB
COL16A1		ITGA1	ITGB1			ECM				Collagen		Collagen/ECM	"15147720; 26857815; 16988024; 21421911"	CellPhoneDB
COL15A1		ITGA1	ITGB1			ECM				Collagen		Collagen/ECM	"15147720; 26857815; 16988024; 21421911"	CellPhoneDB
COL14A1		ITGA1	ITGB1			ECM				Collagen		Collagen/ECM	"15147720; 26857815; 16988024; 21421911"	CellPhoneDB
COL13A1		ITGA1	ITGB1			ECM				Collagen		Collagen/ECM	"15147720; 26857815; 16988024; 21421911"	CellPhoneDB
COL12A1		ITGA1	ITGB1			ECM				Collagen		Collagen/ECM	"15147720; 26857815; 16988024; 21421911"	CellPhoneDB
COL11A2		ITGA1	ITGB1			ECM				Collagen		Collagen/ECM	"15147720; 26857815; 16988024; 21421911"	CellPhoneDB
COL11A1		ITGA1	ITGB1			ECM				Collagen		Collagen/ECM	"15147720; 26857815; 16988024; 21421911"	CellPhoneDB
COL10A1		ITGA1	ITGB1			ECM				Collagen		Collagen/ECM	"15147720; 26857815; 16988024; 21421911"	CellPhoneDB
COL10A1		ITGA2	ITGB1			ECM				Collagen		Collagen/ECM	"15147720; 26857815; 16988024; 21421911"	CellPhoneDB
COL11A1		ITGA2	ITGB1			ECM				Collagen		Collagen/ECM	"15147720; 26857815; 16988024; 21421911"	CellPhoneDB
COL11A2		ITGA2	ITGB1			ECM				Collagen		Collagen/ECM	"15147720; 26857815; 16988024; 21421911"	CellPhoneDB
COL12A1		ITGA2	ITGB1			ECM				Collagen		Collagen/ECM	"15147720; 26857815; 16988024; 21421911"	CellPhoneDB
COL13A1		ITGA2	ITGB1			ECM				Collagen		Collagen/ECM	"15147720; 26857815; 16988024; 21421911"	CellPhoneDB
COL14A1		ITGA2	ITGB1			ECM				Collagen		Collagen/ECM	"15147720; 26857815; 16988024; 21421911"	CellPhoneDB
COL15A1		ITGA2	ITGB1			ECM				Collagen		Collagen/ECM	"15147720; 26857815; 16988024; 21421911"	CellPhoneDB
COL16A1		ITGA2	ITGB1			ECM				Collagen		Collagen/ECM	"15147720; 26857815; 16988024; 21421911"	CellPhoneDB
COL17A1		ITGA2	ITGB1			ECM				Collagen		Collagen/ECM	"15147720; 26857815; 16988024; 21421911"	CellPhoneDB
COL18A1		ITGA2	ITGB1			ECM				Collagen		Collagen/ECM	"15147720; 26857815; 16988024; 21421911"	CellPhoneDB
COL19A1		ITGA2	ITGB1			ECM				Collagen		Collagen/ECM	"15147720; 26857815; 16988024; 21421911"	CellPhoneDB
COL1A1		ITGA2	ITGB1			ECM				Collagen		Collagen/ECM	"15147720; 26857815; 16988024; 21421911"	CellPhoneDB
COL1A2		ITGA2	ITGB1			ECM				Collagen		Collagen/ECM	"15147720; 26857815; 16988024; 21421911"	CellPhoneDB
COL20A1		ITGA2	ITGB1			ECM				Collagen		Collagen/ECM	"15147720; 26857815; 16988024; 21421911"	CellPhoneDB
COL21A1		ITGA2	ITGB1			ECM				Collagen		Collagen/ECM	"15147720; 26857815; 16988024; 21421911"	CellPhoneDB
COL22A1		ITGA2	ITGB1			ECM				Collagen		Collagen/ECM	"15147720; 26857815; 16988024; 21421911"	CellPhoneDB
COL24A1		ITGA2	ITGB1			ECM				Collagen		Collagen/ECM	"15147720; 26857815; 16988024; 21421911"	CellPhoneDB
COL26A1		ITGA2	ITGB1			ECM				Collagen		Collagen/ECM	"15147720; 26857815; 16988024; 21421911"	CellPhoneDB
COL27A1		ITGA2	ITGB1			ECM				Collagen		Collagen/ECM	"15147720; 26857815; 16988024; 21421911"	CellPhoneDB
COL28A1		ITGA2	ITGB1			ECM				Collagen		Collagen/ECM	"15147720; 26857815; 16988024; 21421911"	CellPhoneDB
COL2A1		ITGA2	ITGB1			ECM				Collagen		Collagen/ECM	"15147720; 26857815; 16988024; 21421911"	CellPhoneDB
COL3A1		ITGA2	ITGB1			ECM				Collagen		Collagen/ECM	"15147720; 26857815; 16988024; 21421911"	CellPhoneDB
COL4A1		ITGA2	ITGB1			ECM				Collagen		Collagen/ECM	"15147720; 26857815; 16988024; 21421911"	CellPhoneDB
COL4A2		ITGA2	ITGB1			ECM				Collagen		Collagen/ECM	"15147720; 26857815; 16988024; 21421911"	CellPhoneDB
COL4A3		ITGA2	ITGB1			ECM				Collagen		Collagen/ECM	"15147720; 26857815; 16988024; 21421911"	CellPhoneDB
COL4A4		ITGA2	ITGB1			ECM				Collagen		Collagen/ECM	"15147720; 26857815; 16988024; 21421911"	CellPhoneDB
COL4A5		ITGA2	ITGB1			ECM				Collagen		Collagen/ECM	"15147720; 26857815; 16988024; 21421911"	CellPhoneDB
COL4A6		ITGA2	ITGB1			ECM				Collagen		Collagen/ECM	"15147720; 26857815; 16988024; 21421911"	CellPhoneDB
COL5A1		ITGA2	ITGB1			ECM				Collagen		Collagen/ECM	"15147720; 26857815; 16988024; 21421911"	CellPhoneDB
COL5A2		ITGA2	ITGB1			ECM				Collagen		Collagen/ECM	"15147720; 26857815; 16988024; 21421911"	CellPhoneDB
COL5A3		ITGA2	ITGB1			ECM				Collagen		Collagen/ECM	"15147720; 26857815; 16988024; 21421911"	CellPhoneDB
COL6A1		ITGA2	ITGB1			ECM				Collagen		Collagen/ECM	"15147720; 26857815; 16988024; 21421911"	CellPhoneDB
COL6A2		ITGA2	ITGB1			ECM				Collagen		Collagen/ECM	"15147720; 26857815; 16988024; 21421911"	CellPhoneDB
COL6A3		ITGA2	ITGB1			ECM				Collagen		Collagen/ECM	"15147720; 26857815; 16988024; 21421911"	CellPhoneDB
COL6A5		ITGA2	ITGB1			ECM				Collagen		Collagen/ECM	"15147720; 26857815; 16988024; 21421911"	CellPhoneDB
COL6A6		ITGA2	ITGB1			ECM				Collagen		Collagen/ECM	"15147720; 26857815; 16988024; 21421911"	CellPhoneDB
COL7A1		ITGA2	ITGB1			ECM				Collagen		Collagen/ECM	"15147720; 26857815; 16988024; 21421911"	CellPhoneDB
COL8A1		ITGA2	ITGB1			ECM				Collagen		Collagen/ECM	"15147720; 26857815; 16988024; 21421911"	CellPhoneDB
COL8A2		ITGA2	ITGB1			ECM				Collagen		Collagen/ECM	"15147720; 26857815; 16988024; 21421911"	CellPhoneDB
COL9A1		ITGA2	ITGB1			ECM				Collagen		Collagen/ECM	"15147720; 26857815; 16988024; 21421911"	CellPhoneDB
COL9A2		ITGA2	ITGB1			ECM				Collagen		Collagen/ECM	"15147720; 26857815; 16988024; 21421911"	CellPhoneDB
COL9A3		ITGA2	ITGB1			ECM				Collagen		Collagen/ECM	"15147720; 26857815; 16988024; 21421911"	CellPhoneDB
COL10A1		ITGA10	ITGB1			ECM				Collagen		Collagen/ECM	"15147720; 26857815; 16988024; 21421911"	CellPhoneDB
COL11A1		ITGA10	ITGB1			ECM				Collagen		Collagen/ECM	"15147720; 26857815; 16988024; 21421911"	CellPhoneDB
COL11A2		ITGA10	ITGB1			ECM				Collagen		Collagen/ECM	"15147720; 26857815; 16988024; 21421911"	CellPhoneDB
COL12A1		ITGA10	ITGB1			ECM				Collagen		Collagen/ECM	"15147720; 26857815; 16988024; 21421911"	CellPhoneDB
COL13A1		ITGA10	ITGB1			ECM				Collagen		Collagen/ECM	"15147720; 26857815; 16988024; 21421911"	CellPhoneDB
COL14A1		ITGA10	ITGB1			ECM				Collagen		Collagen/ECM	"15147720; 26857815; 16988024; 21421911"	CellPhoneDB
COL15A1		ITGA10	ITGB1			ECM				Collagen		Collagen/ECM	"15147720; 26857815; 16988024; 21421911"	CellPhoneDB
COL16A1		ITGA10	ITGB1			ECM				Collagen		Collagen/ECM	"15147720; 26857815; 16988024; 21421911"	CellPhoneDB
COL17A1		ITGA10	ITGB1			ECM				Collagen		Collagen/ECM	"15147720; 26857815; 16988024; 21421911"	CellPhoneDB
COL18A1		ITGA10	ITGB1			ECM				Collagen		Collagen/ECM	"15147720; 26857815; 16988024; 21421911"	CellPhoneDB
COL19A1		ITGA10	ITGB1			ECM				Collagen		Collagen/ECM	"15147720; 26857815; 16988024; 21421911"	CellPhoneDB
COL1A1		ITGA10	ITGB1			ECM				Collagen		Collagen/ECM	"15147720; 26857815; 16988024; 21421911"	CellPhoneDB
COL1A2		ITGA10	ITGB1			ECM				Collagen		Collagen/ECM	"15147720; 26857815; 16988024; 21421911"	CellPhoneDB
COL20A1		ITGA10	ITGB1			ECM				Collagen		Collagen/ECM	"15147720; 26857815; 16988024; 21421911"	CellPhoneDB
COL21A1		ITGA10	ITGB1			ECM				Collagen		Collagen/ECM	"15147720; 26857815; 16988024; 21421911"	CellPhoneDB
COL22A1		ITGA10	ITGB1			ECM				Collagen		Collagen/ECM	"15147720; 26857815; 16988024; 21421911"	CellPhoneDB
COL24A1		ITGA10	ITGB1			ECM				Collagen		Collagen/ECM	"15147720; 26857815; 16988024; 21421911"	CellPhoneDB
COL26A1		ITGA10	ITGB1			ECM				Collagen		Collagen/ECM	"15147720; 26857815; 16988024; 21421911"	CellPhoneDB
COL27A1		ITGA10	ITGB1			ECM				Collagen		Collagen/ECM	"15147720; 26857815; 16988024; 21421911"	CellPhoneDB
COL28A1		ITGA10	ITGB1			ECM				Collagen		Collagen/ECM	"15147720; 26857815; 16988024; 21421911"	CellPhoneDB
COL2A1		ITGA10	ITGB1			ECM				Collagen		Collagen/ECM	"15147720; 26857815; 16988024; 21421911"	CellPhoneDB
COL3A1		ITGA10	ITGB1			ECM				Collagen		Collagen/ECM	"15147720; 26857815; 16988024; 21421911"	CellPhoneDB
COL4A1		ITGA10	ITGB1			ECM				Collagen		Collagen/ECM	"15147720; 26857815; 16988024; 21421911"	CellPhoneDB
COL4A2		ITGA10	ITGB1			ECM				Collagen		Collagen/ECM	"15147720; 26857815; 16988024; 21421911"	CellPhoneDB
COL4A3		ITGA10	ITGB1			ECM				Collagen		Collagen/ECM	"15147720; 26857815; 16988024; 21421911"	CellPhoneDB
COL4A4		ITGA10	ITGB1			ECM				Collagen		Collagen/ECM	"15147720; 26857815; 16988024; 21421911"	CellPhoneDB
COL4A5		ITGA10	ITGB1			ECM				Collagen		Collagen/ECM	"15147720; 26857815; 16988024; 21421911"	CellPhoneDB
COL4A6		ITGA10	ITGB1			ECM				Collagen		Collagen/ECM	"15147720; 26857815; 16988024; 21421911"	CellPhoneDB
COL5A1		ITGA10	ITGB1			ECM				Collagen		Collagen/ECM	"15147720; 26857815; 16988024; 21421911"	CellPhoneDB
COL5A2		ITGA10	ITGB1			ECM				Collagen		Collagen/ECM	"15147720; 26857815; 16988024; 21421911"	CellPhoneDB
COL5A3		ITGA10	ITGB1			ECM				Collagen		Collagen/ECM	"15147720; 26857815; 16988024; 21421911"	CellPhoneDB
COL6A1		ITGA10	ITGB1			ECM				Collagen		Collagen/ECM	"15147720; 26857815; 16988024; 21421911"	CellPhoneDB
COL6A2		ITGA10	ITGB1			ECM				Collagen		Collagen/ECM	"15147720; 26857815; 16988024; 21421911"	CellPhoneDB
COL6A3		ITGA10	ITGB1			ECM				Collagen		Collagen/ECM	"15147720; 26857815; 16988024; 21421911"	CellPhoneDB
COL6A5		ITGA10	ITGB1			ECM				Collagen		Collagen/ECM	"15147720; 26857815; 16988024; 21421911"	CellPhoneDB
COL6A6		ITGA10	ITGB1			ECM				Collagen		Collagen/ECM	"15147720; 26857815; 16988024; 21421911"	CellPhoneDB
COL7A1		ITGA10	ITGB1			ECM				Collagen		Collagen/ECM	"15147720; 26857815; 16988024; 21421911"	CellPhoneDB
COL8A1		ITGA10	ITGB1			ECM				Collagen		Collagen/ECM	"15147720; 26857815; 16988024; 21421911"	CellPhoneDB
COL8A2		ITGA10	ITGB1			ECM				Collagen		Collagen/ECM	"15147720; 26857815; 16988024; 21421911"	CellPhoneDB
COL9A1		ITGA10	ITGB1			ECM				Collagen		Collagen/ECM	"15147720; 26857815; 16988024; 21421911"	CellPhoneDB
COL9A2		ITGA10	ITGB1			ECM				Collagen		Collagen/ECM	"15147720; 26857815; 16988024; 21421911"	CellPhoneDB
COL9A3		ITGA10	ITGB1			ECM				Collagen		Collagen/ECM	"15147720; 26857815; 16988024; 21421911"	CellPhoneDB
COL10A1		ITGA11	ITGB1			ECM				Collagen		Collagen/ECM	"15147720; 26857815; 16988024; 21421911"	CellPhoneDB
COL11A1		ITGA11	ITGB1			ECM				Collagen		Collagen/ECM	"15147720; 26857815; 16988024; 21421911"	CellPhoneDB
COL11A2		ITGA11	ITGB1			ECM				Collagen		Collagen/ECM	"15147720; 26857815; 16988024; 21421911"	CellPhoneDB
COL12A1		ITGA11	ITGB1			ECM				Collagen		Collagen/ECM	"15147720; 26857815; 16988024; 21421911"	CellPhoneDB
COL13A1		ITGA11	ITGB1			ECM				Collagen		Collagen/ECM	"15147720; 26857815; 16988024; 21421911"	CellPhoneDB
COL14A1		ITGA11	ITGB1			ECM				Collagen		Collagen/ECM	"15147720; 26857815; 16988024; 21421911"	CellPhoneDB
COL15A1		ITGA11	ITGB1			ECM				Collagen		Collagen/ECM	"15147720; 26857815; 16988024; 21421911"	CellPhoneDB
COL16A1		ITGA11	ITGB1			ECM				Collagen		Collagen/ECM	"15147720; 26857815; 16988024; 21421911"	CellPhoneDB
COL17A1		ITGA11	ITGB1			ECM				Collagen		Collagen/ECM	"15147720; 26857815; 16988024; 21421911"	CellPhoneDB
COL18A1		ITGA11	ITGB1			ECM				Collagen		Collagen/ECM	"15147720; 26857815; 16988024; 21421911"	CellPhoneDB
COL19A1		ITGA11	ITGB1			ECM				Collagen		Collagen/ECM	"15147720; 26857815; 16988024; 21421911"	CellPhoneDB
COL1A1		ITGA11	ITGB1			ECM				Collagen		Collagen/ECM	"15147720; 26857815; 16988024; 21421911"	CellPhoneDB
COL1A2		ITGA11	ITGB1			ECM				Collagen		Collagen/ECM	"15147720; 26857815; 16988024; 21421911"	CellPhoneDB
COL20A1		ITGA11	ITGB1			ECM				Collagen		Collagen/ECM	"15147720; 26857815; 16988024; 21421911"	CellPhoneDB
COL21A1		ITGA11	ITGB1			ECM				Collagen		Collagen/ECM	"15147720; 26857815; 16988024; 21421911"	CellPhoneDB
COL22A1		ITGA11	ITGB1			ECM				Collagen		Collagen/ECM	"15147720; 26857815; 16988024; 21421911"	CellPhoneDB
COL24A1		ITGA11	ITGB1			ECM				Collagen		Collagen/ECM	"15147720; 26857815; 16988024; 21421911"	CellPhoneDB
COL26A1		ITGA11	ITGB1			ECM				Collagen		Collagen/ECM	"15147720; 26857815; 16988024; 21421911"	CellPhoneDB
COL27A1		ITGA11	ITGB1			ECM				Collagen		Collagen/ECM	"15147720; 26857815; 16988024; 21421911"	CellPhoneDB
COL28A1		ITGA11	ITGB1			ECM				Collagen		Collagen/ECM	"15147720; 26857815; 16988024; 21421911"	CellPhoneDB
COL2A1		ITGA11	ITGB1			ECM				Collagen		Collagen/ECM	"15147720; 26857815; 16988024; 21421911"	CellPhoneDB
COL3A1		ITGA11	ITGB1			ECM				Collagen		Collagen/ECM	"15147720; 26857815; 16988024; 21421911"	CellPhoneDB
COL4A1		ITGA11	ITGB1			ECM				Collagen		Collagen/ECM	"15147720; 26857815; 16988024; 21421911"	CellPhoneDB
COL4A2		ITGA11	ITGB1			ECM				Collagen		Collagen/ECM	"15147720; 26857815; 16988024; 21421911"	CellPhoneDB
COL4A3		ITGA11	ITGB1			ECM				Collagen		Collagen/ECM	"15147720; 26857815; 16988024; 21421911"	CellPhoneDB
COL4A4		ITGA11	ITGB1			ECM				Collagen		Collagen/ECM	"15147720; 26857815; 16988024; 21421911"	CellPhoneDB
COL4A5		ITGA11	ITGB1			ECM				Collagen		Collagen/ECM	"15147720; 26857815; 16988024; 21421911"	CellPhoneDB
COL4A6		ITGA11	ITGB1			ECM				Collagen		Collagen/ECM	"15147720; 26857815; 16988024; 21421911"	CellPhoneDB
COL5A1		ITGA11	ITGB1			ECM				Collagen		Collagen/ECM	"15147720; 26857815; 16988024; 21421911"	CellPhoneDB
COL5A2		ITGA11	ITGB1			ECM				Collagen		Collagen/ECM	"15147720; 26857815; 16988024; 21421911"	CellPhoneDB
COL5A3		ITGA11	ITGB1			ECM				Collagen		Collagen/ECM	"15147720; 26857815; 16988024; 21421911"	CellPhoneDB
COL6A1		ITGA11	ITGB1			ECM				Collagen		Collagen/ECM	"15147720; 26857815; 16988024; 21421911"	CellPhoneDB
COL6A2		ITGA11	ITGB1			ECM				Collagen		Collagen/ECM	"15147720; 26857815; 16988024; 21421911"	CellPhoneDB
COL6A3		ITGA11	ITGB1			ECM				Collagen		Collagen/ECM	"15147720; 26857815; 16988024; 21421911"	CellPhoneDB
COL6A5		ITGA11	ITGB1			ECM				Collagen		Collagen/ECM	"15147720; 26857815; 16988024; 21421911"	CellPhoneDB
COL6A6		ITGA11	ITGB1			ECM				Collagen		Collagen/ECM	"15147720; 26857815; 16988024; 21421911"	CellPhoneDB
COL7A1		ITGA11	ITGB1			ECM				Collagen		Collagen/ECM	"15147720; 26857815; 16988024; 21421911"	CellPhoneDB
COL8A1		ITGA11	ITGB1			ECM				Collagen		Collagen/ECM	"15147720; 26857815; 16988024; 21421911"	CellPhoneDB
COL8A2		ITGA11	ITGB1			ECM				Collagen		Collagen/ECM	"15147720; 26857815; 16988024; 21421911"	CellPhoneDB
COL9A1		ITGA11	ITGB1			ECM				Collagen		Collagen/ECM	"15147720; 26857815; 16988024; 21421911"	CellPhoneDB
COL9A2		ITGA11	ITGB1			ECM				Collagen		Collagen/ECM	"15147720; 26857815; 16988024; 21421911"	CellPhoneDB
COL9A3		ITGA11	ITGB1			ECM				Collagen		Collagen/ECM	"15147720; 26857815; 16988024; 21421911"	CellPhoneDB
CD160		TNFRSF14				Checkpoint						Checkpoint	18193050	
SAA1		FPR2											26130702	
CD47		SIRPA											"17070842; 15294972"	"PMID : 1131326 ; SIRPbeta1 does not bind to CD47"
CD47		SIRPG											15383453	
CD24		SIGLEC10											31367043	
SIGLEC9		MUC1											"27595232 ; 24045940"	
LGALS3		LAG3											25691328	
FGL1		LAG3											30580966	
CLEC4G		LAG3			CLEC4G=LSECTIN								24769443	
